Name,Math,Science,English,Average,Grade
Ali,92,88,81,87.0,A
Sara,85,91,90,88.66666666666667,A
Ahmed,76,70,80,75.33333333333333,B
Ayesha,95,97,93,95.0,A+
Bilal,60,65,72,65.66666666666667,C
Fatima,88,84,90,87.33333333333333,A
Hassan,79,82,76,79.0,B
Zain,91,90,95,92.0,A+
Noor,68,75,80,74.33333333333333,B
Hamza,83,87,85,85.0,A
